
{


	"data" :
	{
		"X" : [0, 1, 2, 3, 4, 5, 6, 7, 8, 9, 10, 11, 12, 13, 14, 15, 16, 17, 18, 19, 20, 21, 22, 23, 24, 25, 26, 27, 28, 29, 30, 31, 32, 33, 34, 35, 36, 37, 38, 39, 40, 41, 42, 43, 44, 45, 46, 47, 48, 49, 50, 51, 52, 53, 54, 55, 56, 57, 58, 59, 60, 61, 62, 63, 64, 65, 66, 67, 68, 69, 70, 71, 72, 73, 74, 75, 76, 77, 78, 79, 80, 81, 82, 83, 84, 85, 86, 87, 88, 89, 90, 91, 92, 93, 94, 95, 96, 97, 98, 99],
		"Y" : [16.463690644971106, 39.93355001043294, -1.8593396357417795, 25.318523547326308, 1.1084850632435028, 14.196918451992511, 26.470948028644962, 21.125068830546237, 29.775554227690314, 44.343513253318626, 24.11236134916622, 48.108868174736386, 20.551914121116308, 32.06350834182974, 44.27634189445419, 59.123610159740316, 47.920869166489325, 61.21780085883955, 59.498499564919925, 78.25412320385401, 86.00694264495277, 88.941400165836, 59.29852146311561, 73.4479461108453, 76.69414954696197, 90.45694748659037, 91.8982201857108, 105.34082259942203, 102.5387760567547, 96.23808615290352, 82.25115420994959, 94.805474504142, 116.47007008875293, 118.65784751548462, 122.18956920503663, 127.25815691315262, 107.5102312694899, 117.7013812330646, 145.07848894080163, 118.58640787668942, 146.21735645322508, 144.09797182870219, 128.32210201958915, 159.39322067551163, 140.42048847844984, 142.05432875737102, 143.0226542443408, 140.57018314019044, 169.14386298070875, 154.87919071391124, 181.84150439914242, 185.53711212396783, 179.40564508811104, 180.44068199957186, 182.22064833455212, 174.8459346432696, 193.38312314149942, 194.09090433602637, 186.39235231318946, 177.31421774899127, 187.6415856588955, 208.56466111115972, 195.228293409315, 205.47506399299783, 216.6086258810032, 215.25590736566286, 211.8045159836353, 227.2547218488565, 208.09967529957478, 226.93105193910247, 243.82350852534304, 214.9797057634566, 217.48130113198238, 242.6311071304202, 236.61023569622967, 249.43010231868595, 234.15665505050467, 245.72138442347264, 238.8891585756622, 265.2059225428045, 268.13730064463147, 263.9794696565963, 256.4260073197237, 261.1981476705323, 259.94308067523554, 273.0306775720013, 273.8596795213823, 263.6800811571138, 289.79445204386343, 281.8365057780213, 287.0031783494528, 292.5960021839902, 309.2860319793658, 295.72971766640467, 306.6722236734035, 295.89189199672745, 321.8728984501614, 306.68613007619007, 316.2880468253348, 307.62489915609615]

	},
	"forecast" :
	{
		"steps" : 50
	},
	"predict" :
	{
		"X" : [100, 101, 102, 103, 104, 105, 106, 107, 108, 109, 110, 111, 112, 113, 114, 115, 116, 117, 118, 119, 120, 121, 122, 123, 124, 125, 126, 127, 128, 129, 130, 131, 132, 133, 134, 135, 136, 137, 138, 139, 140, 141, 142, 143, 144, 145, 146, 147, 148, 149]
	}

}


